image_path,xmin,ymin,xmax,ymax,confidence,class
cat_task.JPG,132.80593872070312,427.9619445800781,888.5958251953125,1018.7852172851562,0.8538156747817993,cat
image.png,,,,,,
image_cat.png,59.277965259552005,129.9529104232788,210.2513358592987,291.9703459739685,0.42150264978408813,cat
